{"final_possession": {"team_1": 0.0, "team_2": 0.34390000000000004}, "total_frames": 73, "average_fps": 2.2139571273780367}